,condition,subj_inx,a,v,tr
0,groupA,0,2.4869362942214295,1.0102010372415382,0.228833271638069
1,groupA,1,2.116604087513261,1.1869511349795008,0.42518230122410827
2,groupA,2,1.843272942614435,0.9410440609667974,0.333848190509219
3,groupA,3,2.108626651596274,1.0420168860489718,0.35083728604616626
4,groupA,4,2.179334718542472,0.7959314558840226,0.1644025811067461
5,groupA,5,2.526562865964556,0.7701807761321746,0.07941988632197838
6,groupA,6,1.5190905016610337,0.8141467712401611,0.4522088489298979
7,groupA,7,1.8280823432474789,0.8482098293540886,0.3949157742987359
8,groupA,8,2.107972420909677,1.1918114293411637,0.36464830770865964
9,groupA,9,2.047368824156972,1.227089908927663,0.4343035344395648
10,groupA,10,1.7034138183548477,1.0183086673932111,0.38028914673962155
11,groupA,11,2.4372793985550913,0.9015070568597162,0.26807556521421616
12,groupA,12,2.042198980281713,1.0759111127521577,0.24111661365377246
13,groupA,13,2.4706409198716446,1.0168639253763494,0.11312117243972408
14,groupA,14,2.054870745281434,0.7545960815159678,0.32231284545449
15,groupA,15,2.9074405414676217,1.5028502870987035,0.2055739440451404
16,groupA,16,1.9020873024470526,1.0230393455399667,0.34743787995688225
17,groupA,17,2.325243016771301,0.9449440602501666,0.033822997315078984
18,groupA,18,1.6776455932068177,1.0339496389534921,0.6035744978470611
19,groupA,19,2.447088935421299,1.026650722665128,0.16793073581500928
20,groupA,20,1.7390496448012918,0.9974419422547919,0.47418338960642137
21,groupA,21,1.7417923626551128,1.2614733101635982,0.4749736271898789
22,groupA,22,1.9142206826552752,1.3124430462694707,0.24721129515927975
23,groupA,23,1.8446336053549584,0.840599134651886,0.3918414630409278
24,groupA,24,1.7493494357780144,0.9915692199121162,0.47363952225950545
25,groupA,25,2.2650503866814677,0.7658112444595441,0.27330021536351157
26,groupA,26,2.6002172402175785,1.132381915489514,0.16803546013761972
27,groupA,27,2.0040719089117753,0.9709782071203001,0.26541047033940357
28,groupA,28,1.74075946818877,0.9964622264516124,0.41789461852026333
29,groupA,29,2.4875830163914165,1.4727394511014746,0.11994074478079941
30,groupA,30,1.8520087849121867,1.0507024399171945,0.423724772456448
31,groupA,31,1.554652914967993,1.6159913250012066,0.553077730729934
32,groupA,32,1.9463960273393834,0.8911860849609372,0.29019973135872135
33,groupA,33,1.834974953861884,0.7554840779719085,0.5165255702415252
34,groupA,34,1.915280311789129,1.311716936947618,0.4014707853720174
35,groupA,35,2.1329372890833276,1.3804620483858066,0.339893976936247
36,groupA,36,1.8397151886566254,1.057723587353884,0.2913280598953084
37,groupA,37,1.6703733931869071,1.315409229037187,0.44680970087279137
38,groupA,38,1.8242828195723682,0.9508399886124652,0.364901316581026
39,groupA,39,2.0131743356469527,1.247932471366799,0.27611643551831855
40,groupA,40,2.327901302426686,0.7451351367774472,0.1134063760724402
41,groupA,41,2.9804020115555554,1.4660598924325943,0.15919500413680576
42,groupA,42,1.7117084404238294,1.0133741321966074,0.44980871623647656
43,groupA,43,1.8370627617211264,1.6027971610549783,0.30441199501597116
44,groupA,44,2.1556534716215303,1.0192846885002433,0.2952746686344222
45,groupA,45,2.3432593508317114,1.256557016670539,0.19830228658829152
46,groupA,46,1.8132526249562833,0.9566240420746265,0.47352651112705646
47,groupA,47,1.8918890918169993,0.9168619148399281,0.47179617473865354
48,groupA,48,1.642330335189894,0.9441446578601248,0.5554535791220736
49,groupA,49,2.2528214878820116,1.307000574614836,0.35840670667744323
50,groupA,50,2.0984015939660927,0.927329713554705,0.2320338576310872
51,groupA,51,1.927553181936482,1.1399034786312963,0.30696939266681955
52,groupA,52,1.9760347549910837,0.6258810094433322,0.20744599928914886
53,groupA,53,1.7358441814577543,0.7986283422949212,0.3037216787867798
54,groupA,54,1.9420771272069908,1.0019736712793867,0.4310127720161291
55,groupA,55,1.6156418892553246,1.3599700477863668,0.5739951878498001
56,groupA,56,2.3903602498909367,1.5326399634937036,0.1763011708999067
57,groupA,57,2.1276517804812363,1.1807879687003469,0.32541233722079665
58,groupA,58,2.2475720263270453,0.9775991832959842,0.1985096319397286
59,groupA,59,2.0997890702220725,0.6602064849176861,0.028255184453153337
60,groupA,60,2.520356769459371,0.9968055532530886,0.10652377867472529
61,groupA,61,1.9587101688216366,0.9934650771869817,0.4199663909844207
62,groupA,62,1.9296695011644285,0.8035559516671031,0.32260146494478503
63,groupA,63,1.8909165492958686,0.9173334783251168,0.327862023984262
64,groupA,64,2.0363153262872395,0.9556035472184164,0.29196190134375843
65,groupA,65,1.888323078399371,1.1635850890509094,0.5268047824940075
66,groupA,66,1.818212321909031,1.208453243254476,0.3977243032331541
67,groupA,67,1.8942667725052706,1.1599340754049499,0.32554521476768195
68,groupA,68,2.2292493387457006,1.1269738114578416,0.17482763480723873
69,groupA,69,1.888587055273729,1.03035237037208,0.4334999181927791
70,groupA,70,2.106937366619824,1.3974971566858798,0.37471514410956397
71,groupA,71,2.1555056185755626,0.8047304727205464,0.3136274039602951
72,groupA,72,1.518845686793911,1.2811769924849183,0.48012018127518685
73,groupA,73,1.888028944711586,1.163766362528868,0.4158681036765305
74,groupA,74,1.8091915983960005,1.2144786540487158,0.39570901562246985
75,groupA,75,1.9956695071981592,0.6946512717259448,0.22422121549743024
76,groupA,76,2.485076835584122,1.1848482658582842,0.15710013628825503
77,groupA,77,1.9776122447594797,0.8771188891981558,0.24642488263730833
78,groupA,78,2.222837749666407,1.3246306346958194,0.2828897810100254
79,groupA,79,1.628299726525493,0.9522800914054504,0.3247687142352488
80,groupA,80,1.900271092221784,1.0240171294613383,0.36136872548691135
81,groupA,81,1.9493947601930806,1.1271316729704313,0.38827604694973417
82,groupA,82,1.8529897779522841,1.1857726380791722,0.49006466523428105
83,groupA,83,1.9077531742939307,1.1517342007041471,0.265238385761971
84,groupA,84,1.2928485367615183,1.1993650983241149,0.43151665092067343
85,groupA,85,2.2683832923900207,0.9686302066795657,0.12962249745151988
86,groupA,86,2.005598716375696,1.2526462065732102,0.29023965576730004
87,groupA,87,1.8182722969385892,1.0701973254124957,0.3237296756521786
88,groupA,88,2.0155270671793137,0.5450744406055502,0.11953923206926842
89,groupA,89,1.765977104177837,1.1018886623455095,0.4156228285665362
90,groupA,90,1.5657259081960218,1.1078574138092006,0.43705371770124235
91,groupA,91,2.370371149303212,1.2421847861386512,0.2980607900293648
92,groupA,92,1.5867551843356202,1.093174972744387,0.3819124268543821
93,groupA,93,2.029655281380035,0.9587392336555889,0.28858045168090407
94,groupA,94,2.3118725790803154,1.2736164639046694,0.27444806964507185
95,groupA,95,1.8761075561333422,1.037206072057955,0.4223823833461544
96,groupA,96,1.64471290203997,0.9427769493921583,0.47535755660746115
97,groupA,97,1.7863568270698416,0.7760456030466362,0.5353449659526855
98,groupA,98,1.7915114715737006,0.8655246907512626,0.4212664979955437
99,groupA,99,1.912929182660509,1.1486178355438708,0.36008267316294607
100,groupA,100,1.5410964293645182,1.125562957863306,0.45414051995481075
101,groupA,101,1.7133313248070863,1.1357465546101624,0.46437918038331705
102,groupA,102,1.9350824863236706,1.0055954528079127,0.33381041937461453
103,groupA,103,2.023977617834372,1.2412714458098837,0.32941396466894446
104,groupA,104,2.125660924217757,0.8160290456609112,0.3023788697631741
105,groupA,105,1.886197429397288,1.031657725075527,0.47029538437776164
106,groupA,106,2.053085571835342,1.0702060388900525,0.2170558044690677
107,groupA,107,1.600437655065745,0.7727652640727961,0.5474282250818119
108,groupA,108,2.101985336741454,1.0453091840984998,0.22956696087186668
109,groupA,109,1.952109852666779,1.2869693888097804,0.3305107084490412
110,groupA,110,1.4749930466819534,0.83848708977379,0.44021182871669745
111,groupA,111,2.45220492374011,1.024508840861611,0.22196087295271272
112,groupA,112,2.875859712025791,1.5193536159624186,0.2280262765430009
113,groupA,113,1.9975066989716925,1.0999835837683754,0.2957064206443758
114,groupA,114,1.8917264645818823,0.8196731617611991,0.4705374604994069
115,groupA,115,1.8624723302982966,1.1797354202756443,0.36912296613144047
116,groupA,116,1.7453506911186856,0.9938409880688853,0.3290474518566193
117,groupA,117,1.7060742345059197,0.8125639160838524,0.39030194857571676
118,groupA,118,1.9556952135907246,1.50557150148174,0.4573047085029883
119,groupA,119,2.2466221761947205,0.772092910756421,0.049899774042672984
120,groupA,120,1.9558155341386338,0.886893996448416,0.2200772053472947
121,groupA,121,3.023049095685364,1.4453777342562197,0.15180473104541292
122,groupA,122,1.8843138497874259,1.1660608330104318,0.429030544626678
123,groupA,123,2.064829391503506,0.9424072308649182,0.4693689720833625
124,groupA,124,2.0333794739289393,1.0805777305751472,0.19224358216009563
125,groupA,125,2.177205606346991,1.0091948004041829,0.20077461073261837
126,groupA,126,2.1059590580016736,1.0433367965952516,0.38502290278597084
127,groupA,127,1.9615900747450739,0.8842831525916715,0.3996598565847467
128,groupA,128,1.8740029060778043,1.0383709346150414,0.4552462517873338
129,groupA,129,1.9010634497284182,1.155787082040902,0.332126952870347
130,groupA,130,1.9307458093651817,0.5020860604673988,0.2192224882717445
131,groupA,131,1.9077799349569367,1.0199866941672375,0.34471545404555304
132,groupA,132,1.5526203506953258,1.253307125714188,0.5079001164409933
133,groupA,133,1.729387598000072,0.8966164752218271,0.3545362082676309
134,groupA,134,3.0163281767199916,1.4485982945060174,0.14543338231373504
135,groupA,135,1.715250978213043,1.0112811929104524,0.42485913474813797
136,groupA,136,1.455622234420937,0.952372345199422,0.4776936022199787
137,groupA,137,1.753868984506614,1.4324363143253025,0.39671287276514167
138,groupA,138,2.3335325708152777,1.0766104812063448,0.09976659658384734
139,groupA,139,2.152323009393785,1.1672530623940696,0.3403603925497133
140,groupA,140,2.158841229485125,1.0177796066365885,0.232159750756745
141,groupA,141,1.7947477684240742,0.9664873727137818,0.3775569829666261
142,groupA,142,2.318694160402002,1.0835002161477587,0.3059039549378022
143,groupA,143,1.7470593438667064,0.8875470760937534,0.3706899657325201
144,groupA,144,2.094113084936666,1.049238741279663,0.31644161173926766
145,groupA,145,1.8076536094745967,0.7669026598092673,0.28399994846407595
146,groupA,146,2.3551921406070724,1.0667094122216905,0.07047857308655758
147,groupA,147,1.6931678097140765,1.2977004197281914,0.40551876666859565
148,groupA,148,1.9054939922583987,0.9103156779477697,0.2741659607950069
149,groupA,149,3.103400378741517,1.180499194117932,0.033970421862537625
150,groupA,150,1.719411526399089,1.1317303153891107,0.3659569426609455
151,groupA,151,1.687866040462985,0.9186732686356048,0.3861242954400864
152,groupA,152,2.1953756389989607,1.0008421967996792,0.29514425294932567
153,groupA,153,2.412230428522943,1.2206292335717606,0.22078049131212385
154,groupA,154,1.9494256388801283,0.8898010884808971,0.2514358572110281
155,groupA,155,1.9763105483792933,0.7845919831186248,0.3857203898848488
156,groupA,156,2.0240392993506684,1.241233618725727,0.34577713105570196
157,groupA,157,1.8521298826853794,1.1863231611761977,0.4261724501523837
158,groupA,158,1.9592616969247332,0.9931854188287472,0.25952139393251783
159,groupA,159,1.6979719170252359,1.0215722875011048,0.34949460065161797
160,groupA,160,1.6436272612359424,1.3368143916547077,0.49327915423738544
161,groupA,161,1.7744138946412475,0.5463215544669174,0.36683655157991624
162,groupA,162,1.4701790204048146,1.0546997276455548,0.3902147338912672
163,groupA,163,1.629239577138416,1.3486196923815268,0.28993493385574975
164,groupA,164,1.614977229781961,1.0740715246011834,0.4257977529445811
165,groupA,165,2.1060458897293923,1.0432937800887818,0.3044285436180718
166,groupA,166,1.6942085461484537,1.1485658914181893,0.3750794577815888
167,groupA,167,2.2963131049407846,1.2822462985692746,0.2317745801400557
168,groupA,168,1.6127271791643738,1.0755700516480915,0.519586676601735
169,groupA,169,2.085641204513881,1.2045723006137485,0.2575986801072586
170,groupA,170,1.6414202944171146,1.3386118015047919,0.42946011058020594
171,groupA,171,1.7325699869365077,0.7138312659656213,0.4057939604306806
172,groupA,172,1.9656596235868162,1.4979393908461152,0.4049909072982725
173,groupA,173,1.6820288905494662,1.1568827146718301,0.34443261321895036
174,groupA,174,2.019700171929598,1.0878964154550805,0.26469802666554054
175,groupA,175,2.1690952439719613,1.1582274365120457,0.2834234967482683
176,groupA,176,2.2158592617484234,1.133783930841249,0.22427491045190362
177,groupA,177,2.017163113549637,0.8599210662422331,0.3718391092609762
178,groupA,178,2.379540352993824,0.9233819357472869,0.042262008110702576
179,groupA,179,2.368312247517219,1.0607999965417774,0.13394073280930663
180,groupA,180,2.2455484375081927,0.9784801523918155,0.3363315191835554
181,groupA,181,1.665495983439452,0.7425791712777726,0.4255379829085094
182,groupA,182,2.0180764628018517,1.0887717179385972,0.39758600860187
183,groupA,183,1.718761332070899,1.0092157782594064,0.26933857680931295
184,groupA,184,1.9975059384890108,0.9741698943469842,0.44901668597099054
185,groupA,185,1.7891814920539038,0.8666518289495311,0.4301666655643013
186,groupA,186,2.2970684079938355,0.8471276442109926,0.30655128908583484
187,groupA,187,1.5627509809413862,0.7914009603781615,0.33061256305871345
188,groupA,188,1.7192354393190703,0.9019110337937802,0.441601662142607
189,groupA,189,1.934660274806825,1.1357159734701285,0.33219456360803257
190,groupA,190,1.715889486217267,1.010904880134262,0.4325053181219206
191,groupA,191,1.6596476329767649,0.8352943923605132,0.4310858172940881
192,groupA,192,2.124204070927154,1.1827044578064319,0.2890273237952393
193,groupA,193,2.221776335620487,0.6979088702815457,0.2845823295263863
194,groupA,194,1.631123878426924,0.7582272833512046,0.3201527426191756
195,groupA,195,1.7782033981269612,0.6955124641262349,0.3185256694151425
196,groupA,196,2.0346589232284966,0.7620920610864621,0.5091828967751046
197,groupA,197,1.8471023777559659,1.189552135169473,0.33178038153079625
198,groupA,198,1.7587530913921436,0.7882256855182369,0.47495941362311356
199,groupA,199,1.83245518518943,0.7565229274497006,0.29177537832665223
200,groupA,200,1.7868617648472644,0.8677769276369888,0.3572386962215215
201,groupA,201,2.0522848327380365,1.2241505583922025,0.46800225586525
202,groupA,202,1.8124250346423234,0.6823800176612538,0.450751736078432
203,groupA,203,1.733680110981222,1.1224159155600937,0.5436618877142767
204,groupA,204,2.9288863343589564,1.0053100882151123,0.11754181971043565
205,groupA,205,1.9231826343646505,0.8062663340985436,0.40099141592806953
206,groupA,206,2.439275140206212,1.0299394203491654,-0.022880548994204886
207,groupA,207,2.0165232988621677,0.8601939071900944,0.35509514797931485
208,groupA,208,1.7166616062007334,1.2799404200569584,0.3978516098739707
209,groupA,209,2.163049718970377,1.0157993864246957,0.2520707716023669
210,groupA,210,2.315531971915542,1.271603681088726,0.3084653793657569
211,groupA,211,2.0299831779878197,1.4504745709691327,0.5001850285701444
212,groupA,212,1.9268753295425305,1.0098785942302255,0.1905185559627992
213,groupA,213,1.7377618882285828,1.119779506177863,0.3621312272746565
214,groupA,214,1.808381526860264,0.7665939629049371,0.356711584625205
215,groupA,215,2.6973178947223304,0.9314088001609981,-0.010997056011464501
216,groupA,216,2.268855855853837,1.297763792075879,0.25729983954979163
217,groupA,217,1.5599960907313197,1.2473814265413181,0.4243615803865121
218,groupA,218,1.686397422788267,1.0285837916664626,0.344633918091637
219,groupA,219,1.9255089509317993,1.3047488679605208,0.4492843296283411
220,groupA,220,1.693610095010006,0.9155574928254107,0.3399926135829734
221,groupA,221,2.5234618787582024,1.1668252268646913,0.16742854965581178
222,groupA,222,2.0952708774618642,0.9287153131305479,0.4455354389230244
223,groupA,223,1.8443460168053882,1.3621661017425066,0.45323406386598664
224,groupA,224,2.056638866920995,1.221558954459176,0.36746227237093476
225,groupA,225,2.2537245845272715,0.9749303852036991,0.19069013204388763
226,groupA,226,1.5456142114682603,0.8969213344661064,0.3951518323202434
227,groupA,227,2.082729013269867,1.0549738172065868,0.30262566803810387
228,groupA,228,1.79190797602291,0.6901931593015661,0.2869368719477522
229,groupA,229,1.8518243414437703,0.9366984851466683,0.36367831996391453
230,groupA,230,1.5868333084740547,1.2262851672344572,0.36114379159532173
231,groupA,231,2.2659056961834874,0.8587780825710667,0.25361102946439695
232,groupA,232,1.4855507577455838,1.043786221592519,0.45263116721768887
233,groupA,233,1.38972318157895,1.4002142116133123,0.4612668102875342
234,groupA,234,1.8835943073347858,1.1665062740846825,0.3032741072610001
235,groupA,235,2.201784522917402,1.1410315577326648,0.23836082511777756
236,groupA,236,2.3439934343605437,0.830168771179246,0.24155354912426952
237,groupA,237,1.680797733388045,0.7358188332726626,0.46018475691895255
238,groupA,238,2.1440150200642965,1.0248177166549548,0.28155127954052117
239,groupA,239,1.9097153817675006,1.0189529642130826,0.464663019507512
240,groupA,240,1.8083529419848803,0.5360682279887643,0.394924268735957
241,groupA,241,1.7994598686338354,1.0813856885470106,0.4607596094008599
242,groupA,242,1.7809592557921672,1.0926191279933444,0.47892483421045795
243,groupA,243,1.81403680098123,1.072696070996328,0.29026590526558815
244,groupA,244,1.5536477876830928,1.1164699419904325,0.3899793755432291
245,groupA,245,2.161788674975329,1.1621420969858611,0.1835874215647546
246,groupA,246,2.057418433425901,0.8430959046574417,0.30786081529111653
247,groupA,247,1.7378380430568352,0.8922565705165973,0.3828496561993837
248,groupA,248,1.504260128208055,0.8221733754402017,0.46298511199440995
249,groupA,249,2.2621677975467867,1.1105743909450887,0.17935669798885423
250,groupA,250,2.1233471154739894,0.6528816466310229,0.36722537747477624
251,groupA,251,2.354236807163185,0.8265566756642896,0.12079343619145044
252,groupA,252,2.135435233594831,0.8122939193374866,0.2902103610577489
253,groupA,253,1.9180455103815088,0.8084257667602188,0.4094000853528186
254,groupA,254,1.9764285718720047,0.7845451307873446,0.3235013975637201
255,groupA,255,1.9050008125789484,0.8139615490830168,0.370822467951882
256,groupA,256,2.3415651824488917,0.7407870036630794,0.1325913111843493
257,groupA,257,1.2428436946831445,0.9951071340988156,0.4705374678524207
258,groupA,258,1.6472622385846123,1.1812995547857092,0.413481543826817
259,groupA,259,2.060532174073942,0.944372610891095,0.3532424293380221
260,groupA,260,2.020287680962921,1.0875800501287847,0.40837704187124346
261,groupA,261,2.4168943418377005,0.9091107291291626,0.1923118963326289
262,groupA,262,1.7979520073766884,1.3973151750817356,0.5107119856926754
263,groupA,263,2.2457116059669078,1.3111385145550287,0.24192642142640974
264,groupA,264,2.1341881811226053,1.37965293089461,0.27252558011521544
265,groupA,265,2.0804244220081265,0.9353428696905156,0.34753961482056783
266,groupA,266,2.000781141864551,0.9725752149192575,0.35980737045133804
267,groupA,267,1.7468242989431606,0.7936083565809151,0.3088526064274051
268,groupA,268,1.9392322923818797,1.0034435568650888,0.45899777857678414
269,groupA,269,1.8390653253748193,1.1947506959212577,0.3710626058522847
270,groupA,270,2.159775581712773,0.9009779374911455,0.22638456786179328
271,groupA,271,2.023396916561145,0.8572717696615548,0.30525677674306895
272,groupA,272,1.7206415890873066,1.130921257161695,0.3804557717266658
273,groupA,273,2.325813927038372,0.9447121077884788,0.03067293242151392
274,groupA,274,2.093607681218702,1.049492030931603,0.25404913634099635
275,groupA,275,2.005578855959218,0.970248635835679,0.234160327023323
276,groupA,276,2.131467964208775,0.813805829838972,0.2780965958084509
277,groupA,277,1.729804461441779,0.8014168028936779,0.3313138547482368
278,groupA,278,2.1734924776396896,1.010918878229706,0.18699331719270862
279,groupA,279,2.1361324920783864,1.3783971687550136,0.4417829702799475
280,groupA,280,1.7956862791887211,0.9659822406015083,0.4709947149824567
281,groupA,281,2.022783466847199,1.0862381531923988,0.24856784039724877
282,groupA,282,1.9126947541300718,0.9068885935105909,0.3417654305919914
283,groupA,283,2.7469064311975204,1.333704564713734,-0.1360566204828717
284,groupA,284,2.95176080312327,1.2411444864547345,0.09048167922856543
285,groupA,285,1.9468376926853326,1.2904545835615169,0.33825836096310913
286,groupA,286,2.0284597694025943,0.8551320965556872,0.3107646221577405
287,groupA,287,1.8433500321502314,1.05563789574216,0.44229101265628623
288,groupA,288,2.2662067275626723,0.9695605218237775,0.21472483413647514
289,groupA,289,1.6080515000837798,0.8620957482068606,0.5606342131007248
290,groupA,290,2.6301849401983723,1.1194798259868242,0.194606650351818
291,groupA,291,2.4188581522422505,0.9083726448776752,0.2600830787762396
292,groupA,292,1.6114569310724804,1.5590274710625303,0.4508966119803917
293,groupA,293,2.148951955476245,1.022463332294126,0.28874849473297304
294,groupA,294,1.7503711053765185,0.7920002546098291,0.3247308550505109
295,groupA,295,2.323733693234777,1.2671154993959757,0.28312386958811553
296,groupA,296,2.3726098794779396,0.8201559665946786,0.15931418913167894
297,groupA,297,1.7784453101145627,1.2354749200551352,0.4063734129992256
298,groupA,298,1.6361595647201967,1.5354893728875094,0.3758117045658747
299,groupA,299,2.08453848728522,1.0540580520524498,0.372530702704426
300,groupA,300,2.129054403974273,0.913978593230362,0.38591873900199003
301,groupA,301,1.846926433160022,0.7505953329976404,0.3465966309543501
302,groupA,302,1.6778433139666664,0.5777658432814559,0.28628525262569837
303,groupA,303,2.1954744051380355,1.1443110509949943,0.2867304238289369
304,groupA,304,1.9518780638774973,1.2871222185802438,0.314474598871324
305,groupA,305,2.358411525552885,1.06525328457558,0.12391147518698964
306,groupA,306,1.4465211713185295,0.8549910306681486,0.4203526749403094
307,groupA,307,1.8581648106000024,0.933502262820273,0.40425546973964066
308,groupA,308,1.9091196997845807,0.8122054434754046,0.37483274933288924
309,groupA,309,2.323411376277594,1.0813003885696533,0.2592265875499602
310,groupA,310,1.8464489649776543,1.3606147105216737,0.3575156577822055
311,groupA,311,2.015451516243257,0.9654958868385151,0.41065285659154016
312,groupA,312,2.250858985817296,1.116154161502875,0.18815264743305005
313,groupA,313,1.757484753334139,0.7887945306438308,0.376174528624167
314,groupA,314,2.3309784028334746,0.5947263858964753,0.2353010624181271
315,groupA,315,1.9127274620069552,0.7247735961637225,0.3284043280029846
316,groupA,316,2.42493290110128,1.2142352383561732,0.07273209103451705
317,groupA,317,1.281600500092295,1.0816899345935462,0.45733729353034175
318,groupA,318,2.003776402178812,1.2537854130053396,0.40407024449418083
319,groupA,319,2.481070926181154,1.1867613086331628,0.33535106254795155
320,groupA,320,2.2176755754636495,0.9907781830878694,0.1355065636031192
321,groupA,321,2.5375674549191376,0.9900448632827271,0.20968959767902762
322,groupA,322,1.719869195181991,1.4607538939670763,0.3369088259963049
323,groupA,323,2.1171109375783526,0.6548047797181554,0.10847927589326556
324,groupA,324,1.4347282236951129,1.3562918167481657,0.5492274685862307
325,groupA,325,2.114153586515762,1.3927270932189142,0.3448230368314197
326,groupA,326,1.8592495418061685,1.046610530378272,0.4198033001818273
327,groupA,327,2.031295404834818,1.081686382052784,0.2304801654245635
328,groupA,328,1.9935179659938218,0.7778196328610224,0.31922092136941416
329,groupA,329,2.109198443383749,1.1911186601985486,0.34328716762186573
330,groupA,330,1.9577785004115689,1.2832430346170276,0.24824780778968447
331,groupA,331,2.1910937553944945,0.8880999018250421,0.1511539717681185
332,groupA,332,2.5355870686718838,1.1612454628539766,0.1281852125777737
333,groupA,333,2.0520579216913575,1.070741987402194,0.34240713418218716
334,groupA,334,2.0801645299988722,0.935459729743766,0.22094799491125228
335,groupA,335,2.2440288831339736,1.1195513760355307,0.2794813114907445
336,groupA,336,1.7524129853730488,1.1104175587018223,0.45847692635492643
337,groupA,337,1.5193596901971722,1.1416658389581216,0.5192987954946775
338,groupA,338,1.5737697496562542,0.9852759037653704,0.47609339854631216
339,groupA,339,1.8841407418453193,1.0327838604824697,0.35438975082893087
340,groupA,340,2.0327233358093983,0.9572921778262966,0.18429285387622718
341,groupA,341,2.4336355735790063,1.2098931373016644,0.2559279267169763
342,groupA,342,2.0043538719073046,0.9708416145117241,0.29824980488567543
343,groupA,343,1.9073332975933202,0.9094378300724011,0.31042738914991175
344,groupA,344,1.6991483406341215,1.0208649909523226,0.3307470379740505
345,groupA,345,1.639055000838757,1.340543530395154,0.4523448943093221
346,groupA,346,1.9830925999696536,0.9812502699496184,0.21941613935595183
347,groupA,347,2.4199048544161132,0.8041267182485289,0.1402051840882108
348,groupA,348,1.8610511717603655,1.0455973369150724,0.4172830571142603
349,groupA,349,1.9522222816851567,1.1254991800624143,0.47179549000317034
350,groupA,350,2.011661975686877,0.8622726264912528,0.37219343733452925
351,groupA,351,2.6291454016971585,1.1199224574136346,0.03367905888881895
352,groupA,352,1.9221443861059317,1.5318510932113545,0.40518867545037207
353,groupA,353,2.4991091618443932,1.1781954242420463,0.16988489943481266
354,groupA,354,2.0740847601732333,1.059370677383841,0.23441711140328647
355,groupA,355,1.7489960406796479,1.1125869377606743,0.42243969744150045
356,groupA,356,1.8733060922670624,1.0387571775311881,0.3152637422611356
357,groupA,357,1.6751871989288092,0.9256263499402867,0.4318795979411767
358,groupA,358,1.868433701280181,0.7419553394750125,0.31177311269975705
359,groupA,359,2.081914728015265,0.9346733191663389,0.4175727638188087
360,groupA,360,1.8724332699747182,1.3417330616060015,0.35303345007733766
361,groupA,361,1.7782999371038044,1.0942530607207264,0.31372032011812234
362,groupA,362,1.9176193827671077,0.9045596175008893,0.3926946586865303
363,groupA,363,2.130098994719027,1.0315128934305924,0.25199035599877617
364,groupA,364,2.054914077197848,1.0692537472576136,0.37213279663492016
365,groupA,365,2.5048933286783366,0.7768435193533926,0.09660256141731205
366,groupA,366,2.157867892828323,0.5731410302082485,0.12091920229832653
367,groupA,367,2.14789987314992,1.7056482436292477,0.24083889406668502
368,groupA,368,2.121921757419039,1.0354880285542545,0.33543123113191564
369,groupA,369,2.1501915601573467,1.0218738730308434,0.2772505405823844
370,groupA,370,1.6113733371820218,1.0764737229806631,0.4083791757665368
371,groupA,371,2.376533546900682,1.2389637768868789,0.30640593452245524
372,groupA,372,2.430025953052457,1.5076224356895005,0.3191003110574909
373,groupA,373,1.8614120552719127,1.0453946204678777,0.41765274410738595
374,groupA,374,2.0193639392257845,0.9636252838115782,0.3447250109554896
375,groupA,375,1.7966380083215163,0.8630549978511198,0.32341101396988203
376,groupA,376,1.6664457839144275,1.1677008444189723,0.5358311063984735
377,groupA,377,1.6845183384120868,1.1551730276143077,0.5730460964957348
378,groupA,378,1.7416343117398077,0.8903117043337274,0.3483538190180916
379,groupA,379,1.776376189255276,1.0954380951655922,0.4636381418622062
380,groupA,380,1.8745385915996167,1.172141553757633,0.35574744348625875
381,groupA,381,2.318646915790801,1.0835222934835098,0.14229236905087994
382,groupA,382,1.6751614960044072,1.0354828830088767,0.3764314958046868
383,groupA,383,2.127778075992131,1.180717882340567,0.26607817640956943
384,groupA,384,1.6782730878921879,0.9239243741664389,0.5187106068467061
385,groupA,385,1.5401186267060596,1.6312416332171296,0.5236328735969975
386,groupA,386,2.7590324825324553,1.0671998237816336,0.09393046137493344
387,groupA,387,1.8021860477943736,1.2191996381424206,0.433814769463564
388,groupA,388,2.3326050174639676,1.0770385921177175,0.2006879574063538
389,groupA,389,2.3522563415270987,1.2517508943157496,0.20208272729352916
390,groupA,390,2.5347821163652147,0.9911327714346786,0.005430980538078112
391,groupA,391,1.9946103242563662,0.869644077489072,0.38412449882757693
392,groupA,392,2.1511964248694286,1.021396536334233,0.3273247839251996
393,groupA,393,2.0229700988505637,1.2418896480000314,0.3378334532640609
394,groupA,394,2.5532634401730947,1.4348545428125818,0.19211640942157115
395,groupA,395,1.7270183760473679,1.1267454799808927,0.38236185955124447
396,groupA,396,1.6283120231694745,1.1950474610312345,0.39478657415222107
397,groupA,397,1.3716792199273502,1.0106549264436,0.5687408019236769
398,groupA,398,1.8446659001343542,1.054884870432952,0.36387007878462696
399,groupA,399,1.9218484337239785,0.902569123011932,0.2968007212394802
400,groupB,0,2.2326538856545493,1.9570645860256255,0.28332637975305064
401,groupB,1,2.447236930153829,1.7854617175102738,0.30383481045641003
402,groupB,2,2.127073451005953,1.384267655531092,0.23355378941423277
403,groupB,3,1.6290590016419904,1.5421820949663991,0.34057166808922956
404,groupB,4,1.7109501954259283,1.4683686472537534,0.39530147366727886
405,groupB,5,2.235051072057206,1.6391400142626706,0.31659530702238947
406,groupB,6,1.7486350308661323,1.436723832949705,0.28421944387802556
407,groupB,7,2.0482205895302985,1.4375595061475597,0.28905496973262945
408,groupB,8,1.6758996409957956,2.186026869695377,0.4127938484437498
409,groupB,9,1.3539640282134136,1.8555187372970017,0.42847392568398773
410,groupB,10,1.7795013041580057,1.2347417628760127,0.28657831710648907
411,groupB,11,1.8888860410792097,1.9395355603541227,0.3987888848146853
412,groupB,12,2.517788244718317,1.4550713920500944,0.203697351746274
413,groupB,13,2.625001383782569,1.1216904483774282,0.07658562668054492
414,groupB,14,2.5620468888896677,1.4299354402984206,0.15885509306681878
415,groupB,15,2.2849246661874667,1.9122940537718953,0.2944304968324135
416,groupB,16,2.4580782791852998,1.4904169965424732,0.23757804417233674
417,groupB,17,2.0752679364193396,1.058766696471639,0.17707891843662527
418,groupB,18,2.2534216359169528,1.3066524844864644,0.21659865312583182
419,groupB,19,2.039798312054565,1.7960411205750837,0.3914051940671861
420,groupB,20,1.8327765374325908,1.6065455438943468,0.40497387553847763
421,groupB,21,1.26984012004995,1.532405629914079,0.38185326576739376
422,groupB,22,2.2617467779487774,1.931890826624616,0.23773801059553834
423,groupB,23,1.4087835485080502,1.7833155608870734,0.5035287889285163
424,groupB,24,2.12831286297421,2.053010122938853,0.2981938968565686
425,groupB,25,1.6035113992102874,1.213530599167336,0.3754326696669187
426,groupB,26,2.6381611316461053,1.6562475278910151,0.13555848902202983
427,groupB,27,2.6064057963033194,1.6764265405886676,0.1253897162696368
428,groupB,28,1.9442418542860513,1.5144406919722815,0.32371019273255197
429,groupB,29,2.225538462287639,1.9633216529431057,0.37149060014211477
430,groupB,30,1.7869141433863298,1.4059464654609073,0.38264905530106874
431,groupB,31,2.351940344945613,1.5576762624965146,0.20751393736888368
432,groupB,32,1.5817250140029955,1.588332739088463,0.37563293467521364
433,groupB,33,2.627839804146419,1.662752746789418,0.2721725638267709
434,groupB,34,2.071689434294911,1.4212743138155572,0.4010673370598292
435,groupB,35,2.4262843637764924,1.8008803575134178,0.19167754957398575
436,groupB,36,1.956533338584261,2.2332601066888738,0.383506890828256
437,groupB,37,1.5593750905097337,2.3493780735795187,0.4777237248373177
438,groupB,38,2.349517616523899,1.8597212558600023,0.28998171252900806
439,groupB,39,1.998028211445283,1.4736723747441813,0.24940922968800683
440,groupB,40,2.0884710578002625,1.7541835844200728,0.2841991733388899
441,groupB,41,1.8940854931350162,1.934211343367538,0.4200078773227039
442,groupB,42,1.750223004718455,1.6823221790757394,0.3236531735873732
443,groupB,43,2.46624822009433,1.7716983298217648,0.24673785308161422
444,groupB,44,2.1780129234157735,2.0061625004568056,0.261140132008712
445,groupB,45,1.8978307114583057,1.3237775154590279,0.317915904836351
446,groupB,46,2.4624320332018623,1.4877818338668918,0.19790304385464863
447,groupB,47,2.5890848203118964,1.687641833202149,0.22033002307624083
448,groupB,48,1.364863422468075,1.425717853539173,0.4063491178473095
449,groupB,49,2.111199063713621,1.7352990104520993,0.3238235632432068
450,groupB,50,2.306824883648895,1.5881403361379942,0.2333549250388287
451,groupB,51,1.892296074141938,1.556013892012959,0.3926154448861888
452,groupB,52,1.6035696859491302,1.5666956328680641,0.4055376578955293
453,groupB,53,1.8050860850019763,1.6311903369213638,0.36513226769472185
454,groupB,54,2.168507252076839,2.0149565320947325,0.3805998308551537
455,groupB,55,2.087574534708583,1.7549369304991373,0.34694100264703376
456,groupB,56,2.8767079740529584,1.5189056003870158,-0.0282431506672588
457,groupB,57,2.188490521934638,1.674013028345691,0.2818122508038282
458,groupB,58,1.8005992753091937,2.034634633239286,0.4071500478582746
459,groupB,59,2.7613951870925093,1.5823334062762833,0.20141867496480625
460,groupB,60,2.33494259437492,1.5690157243931755,0.21889439511163156
461,groupB,61,2.167373058078316,2.016010965985321,0.33214850271853213
462,groupB,62,2.250136374888998,1.9418591251752797,0.24083258914854155
463,groupB,63,2.051019601267905,1.435597679001331,0.23540668334483006
464,groupB,64,2.0550853310689225,1.7826810355480947,0.2756479359654075
465,groupB,65,2.027414275895991,2.155182541829543,0.33715104593850603
466,groupB,66,1.7918802480892757,1.4020499565498565,0.44891277108104577
467,groupB,67,2.1709637107181137,2.0126765965248192,0.33448552295830425
468,groupB,68,2.0265288729527513,1.8078013568055695,0.3395806037741459
469,groupB,69,2.1007313523402673,1.7439458129895316,0.25684766111049673
470,groupB,70,1.984205275352063,1.4839386910933394,0.24303248648440012
471,groupB,71,2.175342208000966,2.008625510228267,0.3405623105907887
472,groupB,72,1.7914315539450592,1.4024011235280298,0.35988746285942264
473,groupB,73,1.7415747976075766,1.442548219822256,0.3431177431050285
474,groupB,74,1.8738323485558426,1.9551170887583098,0.3772098450066767
475,groupB,75,1.70689866187478,1.28726129231532,0.26329749331800933
476,groupB,76,2.557562872606151,1.7084420090969523,0.23508031352379022
477,groupB,77,2.3318389625715796,1.2627111161738533,0.1290410726295228
478,groupB,78,2.072628253879886,1.7675922535898994,0.30795162686744404
479,groupB,79,1.6210243430115838,2.2600287663314047,0.38861000987264466
480,groupB,80,1.9857546860486393,1.8449215665302525,0.3666124042392751
481,groupB,81,2.2198491765715342,1.6503651170517204,0.2757349145184719
482,groupB,82,2.494976567447881,1.751298152245392,0.2449110047288332
483,groupB,83,1.9294714856298354,1.5260339430231533,0.31279667290948243
484,groupB,84,1.978035801982506,1.8521209992548187,0.240040879808036
485,groupB,85,2.038527229034376,1.7971610062157606,0.3914875690746522
486,groupB,86,1.8527352648017785,1.5892389134620701,0.2897056367175417
487,groupB,87,1.6520070180802677,1.7823404785459422,0.40416936067664466
488,groupB,88,1.8697353442287663,1.574789174443814,0.30282364720973665
489,groupB,89,1.7525608018805856,1.680078075469284,0.3157964125566203
490,groupB,90,2.141193976442736,1.7109900767683313,0.2767731951295421
491,groupB,91,1.925227794964491,1.529397709127063,0.3267177495394332
492,groupB,92,1.6963995525446405,1.735698983620757,0.4156098838488222
493,groupB,93,2.517282957088184,1.7357793807658775,0.2906868567054638
494,groupB,94,1.939598936743381,1.8888243217336604,0.28656457456205886
495,groupB,95,2.1772840488658285,1.6826291673050358,0.31636075369240557
496,groupB,96,1.5600290127332557,1.6104223725778146,0.35883964660247064
497,groupB,97,1.9875054278516116,1.8432964231397155,0.3534028102324912
498,groupB,98,1.5660054869895803,2.3394309129607933,0.41857540385893427
499,groupB,99,1.94908110013247,1.5106805863369768,0.2305675945840865
500,groupB,100,1.8126000725158846,2.021163797618429,0.3906305953295487
501,groupB,101,2.2446897036172415,1.9465709872619843,0.22391403198496007
502,groupB,102,2.16872927342503,1.3576793633242874,0.22381077382834202
503,groupB,103,1.784876894359077,1.6496594182332918,0.380114892940659
504,groupB,104,1.6206390190487998,1.8168382622890422,0.4122004855806242
505,groupB,105,1.8259117054253313,1.612585630738676,0.3455229348139507
506,groupB,106,1.7828750112336693,1.6515117215810995,0.3375222316275036
507,groupB,107,1.5566859098134365,1.4114758561664822,0.35884873184195154
508,groupB,108,1.9159592323341448,1.536796258226922,0.2628957053017005
509,groupB,109,2.34236580584912,1.8653994357141315,0.2942755008177106
510,groupB,110,2.375636817006625,1.5421387730241716,0.17578393345431653
511,groupB,111,2.5687513985964423,1.7010006709308179,0.1287061064803846
512,groupB,112,2.192533843572656,1.6709259274921853,0.2957976031752999
513,groupB,113,2.0718530312758414,2.1089564686817246,0.25297671839533237
514,groupB,114,2.050947781970498,1.7862773876230966,0.35915833010861553
515,groupB,115,2.234843432273406,1.6392923071138226,0.18302333598835352
516,groupB,116,1.825719694829624,1.6127552260650913,0.31839325008787445
517,groupB,117,2.134630635221149,2.0469339193262104,0.3161140551286602
518,groupB,118,1.8543311101948754,1.9756782518439409,0.3830978133629893
519,groupB,119,1.6984734334880807,2.156973181856574,0.43037923567789094
520,groupB,120,2.00150237156218,1.4711144093565545,0.46639091195968396
521,groupB,121,1.7177800770572473,1.2791070327817022,0.41315230531116676
522,groupB,122,1.863724672895399,1.9657204196573201,0.34921052696489563
523,groupB,123,2.4437684158115545,0.8991132560351633,0.04878174898517762
524,groupB,124,2.055968177666784,1.781915540291698,0.3453568485433872
525,groupB,125,1.7840545772436311,1.6504197891275305,0.3451686819651577
526,groupB,126,2.8046284315640677,1.5579417948174683,0.1821707371628528
527,groupB,127,3.0902980233906945,1.413924423921043,-0.10733855151818761
528,groupB,128,2.036470811653609,1.4458537595123018,0.24054784327160994
529,groupB,129,1.6209221288150613,1.8165209338704662,0.3796128619423788
530,groupB,130,1.9690212207526223,1.8606003873992358,0.3211669723370112
531,groupB,131,1.639959960098561,1.3398037944805476,0.38874913453747334
532,groupB,132,2.193540519564267,1.9919613125427873,0.3860417811268271
533,groupB,133,2.1380933187755886,2.0436188701853553,0.2731383644486083
534,groupB,134,1.7912140323363865,1.6438230864716001,0.2991251052293436
535,groupB,135,1.588095073078934,1.8540697147670642,0.3860282086765619
536,groupB,136,1.9173637258100606,1.9107285679882358,0.4072479603968504
537,groupB,137,1.6849571109602322,1.4910205177533506,0.35661226888988007
538,groupB,138,1.8043288906110244,1.631874872972479,0.30210258935215556
539,groupB,139,2.290238118708591,1.5996422451458618,0.255523241417666
540,groupB,140,1.8076415123039549,1.3898251433571145,0.3770181021452964
541,groupB,141,2.1925480740492183,1.6709150825430912,0.2820202816843972
542,groupB,142,1.916087454606687,1.5366934176659701,0.328110085162568
543,groupB,143,1.9816793467510645,1.2677659622859798,0.3696709775929711
544,groupB,144,1.9761851819180007,1.4899610654446325,0.28270258463195075
545,groupB,145,1.8262196581940007,2.0060903570344015,0.4307178031759677
546,groupB,146,1.6267902647196952,1.1961653516475919,0.4070554541884587
547,groupB,147,2.2314087349119403,1.641815588874722,0.25621740483586586
548,groupB,148,2.082944575337792,1.7588377960251411,0.30788045660860996
549,groupB,149,2.3975725553650538,1.5280295221646931,0.22238801397575525
550,groupB,150,2.057037795492231,1.7809889804445656,0.3342223478689855
551,groupB,151,2.441393431731363,1.7897352371298647,0.23107200219695856
552,groupB,152,2.468720441313219,1.7699241191289878,0.13547665982731005
553,groupB,153,2.3793389066897306,1.8364125598845629,0.2694230212125598
554,groupB,154,2.218892808576613,1.9692018630093093,0.29203595328071574
555,groupB,155,2.078513541969541,1.4166080324770807,0.2157652750217871
556,groupB,156,2.1283114908527674,2.0530114465135383,0.35094454849388756
557,groupB,157,2.4275838434285477,1.5091390791905626,0.12140761814965484
558,groupB,158,1.7823178062275153,1.6520280327551065,0.41640478334466796
559,groupB,159,1.834599278510795,1.3694029281508477,0.2578946122110568
560,groupB,160,1.634476211185713,1.8014572246545137,0.441606221875735
561,groupB,161,1.9190289152978455,1.5343379954800962,0.3795176073855461
562,groupB,162,1.355005077773875,1.8540931434025019,0.3840508989621751
563,groupB,163,1.8984010012838393,1.5510100222108985,0.2566839160331317
564,groupB,164,2.0273353049796867,1.8070822508397806,0.3702080213036121
565,groupB,165,2.1667010137914655,1.6908478017088542,0.37978287412106637
566,groupB,166,1.7954298430957603,1.399278080197378,0.3188397604812926
567,groupB,167,1.7303485721728384,1.7016449902166473,0.34709354857811187
568,groupB,168,2.614601812269516,1.6711714311382178,0.1484654659999063
569,groupB,169,1.8963518520369318,1.9318997380124883,0.25891971603831326
570,groupB,170,1.9816891392456775,1.2677596976347234,0.21552927686032075
571,groupB,171,2.0110431078405426,1.821722086337362,0.33312318160601884
572,groupB,172,2.1594393031049246,1.6965337441353576,0.1907790939695807
573,groupB,173,1.8546452132580362,1.5876022853955845,0.33799187961947263
574,groupB,174,1.811048267391632,1.6258202678425446,0.443100392573635
575,groupB,175,2.005529922455146,1.8267299854817207,0.3619173588647203
576,groupB,176,2.171427046223487,1.6871677326213912,0.3898938955994635
577,groupB,177,1.818085174898486,2.0150660137989425,0.3760741935081652
578,groupB,178,2.0794701374015876,2.1012313540250647,0.3449737506233923
579,groupB,179,2.142052254398188,2.0398418588974274,0.32239782806761197
580,groupB,180,1.881261586928628,1.5651406479699448,0.3533739316054123
581,groupB,181,2.40145886368632,1.5255566945277401,0.1356878254187508
582,groupB,182,1.8174118459804562,1.6201275377832565,0.36488732780271504
583,groupB,183,2.4009262363570913,1.8199009141974964,0.1916847437975171
584,groupB,184,1.7423536987502541,1.4419033436082054,0.42179381973994556
585,groupB,185,1.9918468325116516,1.4782456818999488,0.32131005580729344
586,groupB,186,1.724945766776543,1.7069748138625827,0.38586768370336605
587,groupB,187,1.91349611447319,1.5387744751063064,0.3084951581649559
588,groupB,188,2.1853485484933053,1.6764198318183607,0.2775427542317026
589,groupB,189,2.5631668387718087,1.7047067660101014,0.10630365199927283
590,groupB,190,2.0602060008686363,1.7782501577924696,0.4215054482496894
591,groupB,191,1.7727773165445226,1.239425029207292,0.37950995014332634
592,groupB,192,1.67661880206009,1.1606157265231312,0.2730485857718501
593,groupB,193,1.930660294848434,1.3012675666867346,0.3209779673128721
594,groupB,194,1.6085775587838838,1.56181814812552,0.4179245363374707
595,groupB,195,1.7741449678643633,1.6596383229668228,0.43066280375650584
596,groupB,196,2.1547869947351077,1.3664640571716489,0.1971022914421955
597,groupB,197,1.7387119584140083,2.1070549543303407,0.40454953614534467
598,groupB,198,2.094318786243986,1.7492855768629123,0.28941244476476424
599,groupB,199,1.8563657468730486,1.9735128448155888,0.35291379840454673
600,groupB,200,1.8370029852911205,1.6028493163824755,0.28952450739999225
601,groupB,201,2.1041010031180165,1.7411529392841418,0.33460034324393095
602,groupB,202,1.9274191202826318,1.303455796167321,0.3219041661642049
603,groupB,203,1.358415016864663,2.1675547918797706,0.5527990395975527
604,groupB,204,2.326366910823389,1.878228164327059,0.2929841854135986
605,groupB,205,2.31613138044605,1.8865284971984355,0.2562108245501744
606,groupB,206,1.922222232751909,1.9058991118237065,0.31349595310715445
607,groupB,207,2.2569160677325746,1.6232600310255518,0.35070713168377476
608,groupB,208,2.015489565871293,1.4609050967195472,0.3164354897077758
609,groupB,209,2.438318958669506,1.7919919118585124,0.27619583847794504
610,groupB,210,2.1615193481981874,1.69490115792095,0.26425480560427195
611,groupB,211,1.9585985576680713,1.5033397056475526,0.3053310181311002
612,groupB,212,1.4324002620855683,1.7539131278279785,0.3967182999425649
613,groupB,213,2.2005533432666473,1.9856132394321906,0.26262874599438624
614,groupB,214,1.6514009049775908,1.330521601819054,0.3652550013330462
615,groupB,215,1.5586417682387848,1.6118557035815484,0.40851747106775593
616,groupB,216,2.079603272012183,2.101096834801204,0.3341119723711288
617,groupB,217,2.441664523925722,1.500436120617975,0.2664155879636646
618,groupB,218,1.9216408247640255,1.5322525110945286,0.3094581755169993
619,groupB,219,1.8654483813614462,1.9639040579916212,0.3461719738857539
620,groupB,220,1.9050708272625783,1.5455797952653252,0.30801736324289497
621,groupB,221,1.7975163678330945,1.6380596204061049,0.3706947956932332
622,groupB,222,1.7243900809835404,2.124555045016299,0.4143135264925115
623,groupB,223,2.207910810008088,1.6592887853636735,0.19474236592539818
624,groupB,224,1.6317967977679342,1.539594652601716,0.3577370926739946
625,groupB,225,1.6493993368837814,1.7851583381434983,0.386116659494794
626,groupB,226,1.5706048227993394,1.874716629176314,0.41510312893872514
627,groupB,227,2.5486976260738303,1.7143845577311536,0.16550590037304558
628,groupB,228,2.7587424493015718,1.5838549385330385,0.08542745013022623
629,groupB,229,1.56005958610631,1.8873887929597268,0.43322755996103984
630,groupB,230,1.8654421900541602,2.3423121208275903,0.38867483489176297
631,groupB,231,1.6798147159836458,0.9230764545976645,0.39677705646379735
632,groupB,232,1.5645178081882034,1.2437762861317525,0.36938177153526464
633,groupB,233,2.2818144042035713,1.6055476025484858,0.23733725311048703
634,groupB,234,2.007850895674812,1.824618378795688,0.2661455242103413
635,groupB,235,1.8889712375167915,1.5587526801292895,0.307800002158266
636,groupB,236,2.23288909598096,1.956858430779978,0.3325841929469382
637,groupB,237,1.8017250808805936,1.394388994545286,0.3521441109435237
638,groupB,238,2.116215260151654,1.7311857234538155,0.3613562048543473
639,groupB,239,2.9662861685937036,1.4730365191091968,0.013310484209427598
640,groupB,240,2.2029375858623967,1.336596641712735,0.32471854022622626
641,groupB,241,1.96041003160654,1.2815204898320691,0.22934138928312986
642,groupB,242,1.9436545049392873,1.8848831604689342,0.3443175318701559
643,groupB,243,2.0462620846413304,1.7903677508503493,0.35985261679178293
644,groupB,244,2.566700528549967,1.7023598210483493,0.23573117954066847
645,groupB,245,1.9871819264762844,1.4817158610070416,0.2344363374307169
646,groupB,246,1.519049356080846,1.6538670148663732,0.3847256471026455
647,groupB,247,1.6956852132641405,1.736430179454409,0.40700652306277757
648,groupB,248,1.5878500709692887,1.5822058202526017,0.32780820896153395
649,groupB,249,2.325631638495046,1.5752974742381796,0.3420591685545361
650,groupB,250,2.192773748508365,1.670743116393921,0.24099453180389274
651,groupB,251,1.8227504595732151,1.61538238199422,0.39002257220804837
652,groupB,252,1.9486298545595142,1.5110304156927878,0.31183639661106477
653,groupB,253,1.8855161889986376,1.0320304648716645,0.2593048324116959
654,groupB,254,1.9739989681971446,1.8559085922297012,0.29239141301712945
655,groupB,255,2.406681268710939,1.8155490339638445,0.1962228276437279
656,groupB,256,1.9560351830364353,1.8729528374037452,0.40177562105788306
657,groupB,257,1.6123063492264227,1.5582061220446772,0.4305414853263805
658,groupB,258,1.5321741656606485,1.132117414758899,0.41561448778910787
659,groupB,259,2.5798128907895777,1.6937072715881,0.09505209614824339
660,groupB,260,1.9071719973277261,1.5438769986619463,0.26445105983795447
661,groupB,261,2.1471053059740655,1.7062794432747292,0.27561469799856764
662,groupB,262,1.6260377637803654,1.8108060247757907,0.35025851834894906
663,groupB,263,1.6259473045357233,1.5451334843188442,0.3765553653737406
664,groupB,264,1.5230028473655988,1.4426923634035551,0.3219276089106886
665,groupB,265,2.202339680392199,1.6634861909572587,0.18208185156331758
666,groupB,266,2.1240895550095606,1.3862122584342664,0.3137819219613416
667,groupB,267,2.0289304373332064,1.451227171216655,0.2598907022167837
668,groupB,268,1.867864726729187,1.3450147583092953,0.29124845697587265
669,groupB,269,1.7726318359648396,2.0667357833701416,0.3233634419625722
670,groupB,270,2.0838825829503267,1.7580460991918438,0.2985531842227429
671,groupB,271,2.560632243739298,1.7063941388499853,0.21352758642272895
672,groupB,272,2.3141110430598038,1.5831399522148892,0.22786137341319157
673,groupB,273,1.710416417915011,1.7214749275826617,0.32044336746735747
674,groupB,274,1.9623011997580613,1.8669721277148168,0.3116692016004142
675,groupB,275,2.0831027643745994,1.7587042313918393,0.28135911337901454
676,groupB,276,1.742171430277354,1.4420541976033643,0.4417931530210981
677,groupB,277,2.464533446614714,1.7729310423718956,0.2597061981647162
678,groupB,278,1.9065298334708893,1.5443970125586801,0.34061481863124476
679,groupB,279,1.846271521680663,1.984302743723578,0.4115802091659905
680,groupB,280,1.4676443161686779,2.0062347169053676,0.4325167701184543
681,groupB,281,2.1879044909925387,1.9970925926866365,0.276696889019854
682,groupB,282,2.154727892545967,1.3665015380143297,0.16248332289623868
683,groupB,283,2.015052220981225,1.818097619497763,0.3914406633361974
684,groupB,284,1.9825460454370274,1.4851806271754837,0.4202752209266284
685,groupB,285,2.003954466282997,1.4693143126290116,0.24467932148993088
686,groupB,286,1.6254937421167706,1.351727490796072,0.4422932943779732
687,groupB,287,1.4407599922913203,1.5250455239542373,0.5402181316157325
688,groupB,288,2.1882832126677747,1.674171617696291,0.30131450832876305
689,groupB,289,2.2444670597204537,1.9467640808287183,0.3023005445037422
690,groupB,290,1.990053929646386,1.4795774804402606,0.3491379793040582
691,groupB,291,1.8129274387564807,1.6241350404989638,0.3939017114119474
692,groupB,292,2.3572369656258285,1.5541762239236723,0.2383056230360242
693,groupB,293,1.7663659020589673,1.422301925692543,0.3526222011368487
694,groupB,294,2.5184970525271826,1.7349426111428274,0.2230047259415313
695,groupB,295,1.9288125326484307,1.1391592185059247,0.24389082978343046
696,groupB,296,2.053907945030963,1.7837029429643774,0.32701878112213656
697,groupB,297,1.7866949396592224,1.6479808129573783,0.4111751535637879
698,groupB,298,1.6689289063461779,1.7642686683477509,0.36237029570473467
699,groupB,299,2.5153864616168464,1.170571212056936,0.060410502080406214
700,groupB,300,2.078982206236632,1.7621899962104124,0.2629160489081642
701,groupB,301,1.7191421452571565,1.4613716677862691,0.39581828709541456
702,groupB,302,2.142360640454235,2.0395482300965866,0.29210041563601563
703,groupB,303,2.2400394440861997,1.9506120144457968,0.34004084492432496
704,groupB,304,2.132375984647552,1.1781719743909795,0.11989969611793072
705,groupB,305,1.3908357759114696,2.1170285019716526,0.47375577942009145
706,groupB,306,1.876784726325208,1.5688741163893236,0.31128729486442597
707,groupB,307,1.9664010479273646,1.497374598264149,0.34672956725281323
708,groupB,308,2.141081341060508,1.7110800864366185,0.3422203478720286
709,groupB,309,1.7820759016352428,1.6522522842403098,0.38601024459173167
710,groupB,310,2.084299775795678,1.4126753806526724,0.3176893088756936
711,groupB,311,1.8079491268606152,1.6286072077034957,0.34665661102215406
712,groupB,312,1.9830458602701202,1.1080049238180125,0.23601881544387648
713,groupB,313,1.6347016225067175,1.80120881916745,0.4074935996190944
714,groupB,314,1.9098580813808448,1.5417056418336503,0.3849367414262118
715,groupB,315,2.2228727337544814,1.6481202861946165,0.23178815019672527
716,groupB,316,1.9057739784577203,1.5450095407165105,0.3203183650128003
717,groupB,317,1.8044739529416336,1.6317436859459498,0.3242331087091719
718,groupB,318,2.1975701141193213,1.667096591181038,0.19513608606023747
719,groupB,319,2.285907258578766,1.602672913514181,0.23399026875414153
720,groupB,320,2.025994487341048,1.4533302028036488,0.27723647346051605
721,groupB,321,1.5925154013547955,1.8489233929301572,0.37264267062909573
722,groupB,322,2.311155236845264,1.274011772218992,0.20942858449745416
723,groupB,323,2.387383578646443,1.8302244731633524,0.2659946716363629
724,groupB,324,1.5564773973372867,1.4116649436060418,0.3835224607324633
725,groupB,325,1.7954081425241448,1.6399830820789776,0.3726419134983664
726,groupB,326,2.3021924825207516,1.8979507081366032,0.2987930805706617
727,groupB,327,1.988846439250219,1.263197386382046,0.23715425932800205
728,groupB,328,1.8045867640100124,2.0301388213602785,0.38902976059015976
729,groupB,329,2.048339682126519,1.788551810081742,0.33462144296842744
730,groupB,330,1.4608978258371217,1.7196997487052301,0.4668512064789342
731,groupB,331,2.0262375417745826,1.8080612813644206,0.3751183027509257
732,groupB,332,2.137163142345118,2.0445083325142934,0.4037070502821265
733,groupB,333,1.7986938971078892,1.3967388381178358,0.3722065400080823
734,groupB,334,2.3168812905658096,1.581247024199052,0.3244544371244348
735,groupB,335,1.9690311351008145,1.8605910190150807,0.34177729479367247
736,groupB,336,1.9431498479298768,1.8853726849900945,0.37293082539827516
737,groupB,337,2.09971767663187,1.7447877335615505,0.3184253603350492
738,groupB,338,2.587536128940535,1.6886519201013406,0.2087244797394029
739,groupB,339,2.2203152515013462,1.6500186825507757,0.3363896764727142
740,groupB,340,1.8057019537032317,2.0288850209284064,0.36012313284453035
741,groupB,341,2.3933615643489925,1.5307180079689107,0.18402939527834383
742,groupB,342,1.5790999117074611,1.8646312100560212,0.39025068277056846
743,groupB,343,1.764564054257492,1.6686495296456807,0.3492917465104715
744,groupB,344,1.797773676523857,1.6378251709969154,0.34076393863467674
745,groupB,345,2.3082149565210344,1.8929986742017746,0.3360702169076787
746,groupB,346,1.738392243415416,1.6937713512696684,0.26969778384705223
747,groupB,347,2.26063355061688,1.9328421677519088,0.3294497035849412
748,groupB,348,1.5756311467235382,1.5944757306939217,0.4076175297429417
749,groupB,349,2.488093379593208,1.756143032373411,0.2359877950355398
750,groupB,350,2.249488037643974,1.6286201948274046,0.1788420450956596
751,groupB,351,1.7314371177016716,1.269017831991981,0.3888267414100186
752,groupB,352,2.0726021524536873,2.108194207602349,0.38265532661176216
753,groupB,353,1.9726364612093124,1.8571904748651569,0.3407552772372968
754,groupB,354,2.0340095394442534,1.801152637234253,0.3509243076576253
755,groupB,355,1.6101763538159182,1.5602673694854994,0.4889188445793237
756,groupB,356,1.864916883229494,1.3471408010557189,0.263055861877026
757,groupB,357,1.71007386579349,1.721819763499042,0.362096122562106
758,groupB,358,2.510919291429626,1.7401785343642886,0.23948185617416928
759,groupB,359,1.985178062089913,1.8454574509416046,0.3642169727050778
760,groupB,360,1.6640742422785568,1.5097316935427747,0.3208217664798336
761,groupB,361,2.0930260957156164,1.7503659670698253,0.427704004580297
762,groupB,362,1.722503581144884,1.4585198263020616,0.37440175269946585
763,groupB,363,2.097633275198729,2.0830370609243243,0.43493400007006794
764,groupB,364,2.7668045932348226,1.3241128972705567,0.038872396162357714
765,groupB,365,2.3346585004382057,1.8715575968163645,0.21689729882980668
766,groupB,366,2.0003158016833864,1.8314916289950505,0.3399075146015801
767,groupB,367,1.9998782475725192,1.8318923417345676,0.3331344503602198
768,groupB,368,1.9306484115440106,1.301275576098774,0.3328776214651463
769,groupB,369,1.7332548533171197,1.4494727184337841,0.430251679286456
770,groupB,370,1.9834790522943364,1.8470382341028095,0.3231681335546419
771,groupB,371,2.2656690027739526,1.6169889077549258,0.3147797410033544
772,groupB,372,2.1604829048515137,2.0224403732402267,0.37815047925443723
773,groupB,373,2.381445638212536,1.8347879885877398,0.28260400654156226
774,groupB,374,1.7236473218790578,1.0063549737640687,0.3140624459494402
775,groupB,375,1.9950183498282235,1.4758956875860132,0.3140881306699035
776,groupB,376,2.183248291549234,1.6780325262638727,0.2535528767679184
777,groupB,377,2.2549246218505825,1.9377356609291378,0.23145087075713167
778,groupB,378,1.374752766954853,1.8274599508833866,0.40798575039988705
779,groupB,379,1.576148319334663,1.3940468358103064,0.36197104131812396
780,groupB,380,2.2374131749420476,1.637409525947096,0.23109736929039582
781,groupB,381,1.8316889066849196,1.607499487724381,0.42945141547371235
782,groupB,382,1.7143041500265233,1.7175709334431022,0.3990927325448329
783,groupB,383,1.6049398496063947,1.5653581189302817,0.38287504846976284
784,groupB,384,1.6984809825598235,1.479148515510463,0.3943311086135508
785,groupB,385,2.118664742446583,1.729184222841719,0.27206253882501463
786,groupB,386,2.0321467322303106,1.4489303023580757,0.23349975154876512
787,groupB,387,1.85945580659654,1.9702332441206307,0.43127123634397024
788,groupB,388,2.2180779575815563,1.6516829959052242,0.26977971592636174
789,groupB,389,2.0221647290820424,1.8117028714039096,0.3186920057512517
790,groupB,390,2.476823666209102,1.7641336006590551,0.3231305016797483
791,groupB,391,1.6990847837609446,1.2931812457719953,0.3386425036599805
792,groupB,392,2.5155951653607196,1.7369439696154272,0.13435958386551683
793,groupB,393,2.3178065996519384,1.8851649887972441,0.3132697207985148
794,groupB,394,1.8843711888975325,1.9441825834075948,0.35643355001104027
795,groupB,395,1.8697926596403969,1.9593411211883947,0.3240424266502431
796,groupB,396,2.9645266514149773,1.4739108013690734,0.07294975978935314
797,groupB,397,2.751285969358046,1.5881474703578495,0.06456135664824314
798,groupB,398,2.0918940723747,1.75131317331513,0.3090361856190127
799,groupB,399,2.2212546438205787,1.6493208720222574,0.20977178286002207
